{"cameraMode":{"drawMode":0,"name":"Shaded","section":"Shading Mode"},"sceneLighting":false,"audioPlay":false,"sceneViewState":{"showFog":true,"showMaterialUpdate":true,"showSkybox":false,"showFlares":true,"showImageEffects":true,"showParticleSystems":true},"in2DMode":false,"pivot":{"x":0.0002720355987548828,"y":0.9595401287078857,"z":-0.9959686398506165},"rotation":{"x":0.10162368416786194,"y":-0.33144885301589968,"z":0.03593618422746658,"w":0.9372978210449219},"size":7.492857456207275,"orthographic":false}