{"cameraMode":{"drawMode":0,"name":"Shaded","section":"Shading Mode"},"sceneLighting":false,"audioPlay":false,"sceneViewState":{"showFog":true,"showMaterialUpdate":true,"showSkybox":false,"showFlares":true,"showImageEffects":true,"showParticleSystems":true},"in2DMode":false,"pivot":{"x":0.0002720355987548828,"y":1.0359387397766114,"z":-1.0178523063659669},"rotation":{"x":0.10162368416786194,"y":-0.33144885301589968,"z":0.03593618422746658,"w":0.9372978210449219},"size":7.115309238433838,"orthographic":false}